-- phpMyAdmin SQL Dump
-- version 5.2.1
-- https://www.phpmyadmin.net/
--
-- Host: 127.0.0.1
-- Waktu pembuatan: 17 Apr 2026 pada 10.27
-- Versi server: 12.2.2-MariaDB
-- Versi PHP: 8.2.12

SET SQL_MODE = "NO_AUTO_VALUE_ON_ZERO";
START TRANSACTION;
SET time_zone = "+00:00";


/*!40101 SET @OLD_CHARACTER_SET_CLIENT=@@CHARACTER_SET_CLIENT */;
/*!40101 SET @OLD_CHARACTER_SET_RESULTS=@@CHARACTER_SET_RESULTS */;
/*!40101 SET @OLD_COLLATION_CONNECTION=@@COLLATION_CONNECTION */;
/*!40101 SET NAMES utf8mb4 */;

--
-- Database: `db_monitoring_nilai`
--

-- --------------------------------------------------------

--
-- Struktur dari tabel `ekstrakurikuler`
--

CREATE TABLE `ekstrakurikuler` (
  `id` int(11) NOT NULL,
  `siswa_id` int(11) NOT NULL,
  `nama_ekstra` varchar(100) DEFAULT NULL,
  `predikat` varchar(5) DEFAULT NULL,
  `keterangan` text DEFAULT NULL,
  `semester` enum('Ganjil','Genap') DEFAULT NULL,
  `tahun_ajaran` varchar(20) DEFAULT NULL
) ENGINE=InnoDB DEFAULT CHARSET=utf8mb4 COLLATE=utf8mb4_unicode_ci;

--
-- Dumping data untuk tabel `ekstrakurikuler`
--

INSERT INTO `ekstrakurikuler` (`id`, `siswa_id`, `nama_ekstra`, `predikat`, `keterangan`, `semester`, `tahun_ajaran`) VALUES
(71, 36, 'PRAMUKA SIAGA', 'B', NULL, 'Ganjil', '2025/2026'),
(72, 37, 'PRAMUKA SIAGA', 'B', NULL, 'Ganjil', '2025/2026'),
(73, 38, 'PRAMUKA SIAGA', 'B', NULL, 'Ganjil', '2025/2026'),
(74, 39, 'PRAMUKA SIAGA', 'B', NULL, 'Ganjil', '2025/2026'),
(75, 40, 'PRAMUKA SIAGA', 'B', NULL, 'Ganjil', '2025/2026'),
(76, 41, 'PRAMUKA SIAGA', 'B', NULL, 'Ganjil', '2025/2026'),
(77, 42, 'PRAMUKA SIAGA', 'B', NULL, 'Ganjil', '2025/2026'),
(78, 43, 'PRAMUKA SIAGA', 'B', NULL, 'Ganjil', '2025/2026'),
(79, 44, 'PRAMUKA SIAGA', 'C', NULL, 'Ganjil', '2025/2026'),
(80, 45, 'PRAMUKA SIAGA', 'B', NULL, 'Ganjil', '2025/2026'),
(81, 46, 'PRAMUKA SIAGA', 'B', NULL, 'Ganjil', '2025/2026'),
(82, 47, 'PRAMUKA SIAGA', 'B', NULL, 'Ganjil', '2025/2026'),
(83, 48, 'PRAMUKA SIAGA', 'B', NULL, 'Ganjil', '2025/2026'),
(84, 49, 'PRAMUKA SIAGA', 'B', NULL, 'Ganjil', '2025/2026'),
(85, 50, 'PRAMUKA SIAGA', 'B', NULL, 'Ganjil', '2025/2026'),
(86, 51, 'PRAMUKA SIAGA', 'B', NULL, 'Ganjil', '2025/2026'),
(87, 52, 'PRAMUKA SIAGA', 'B', NULL, 'Ganjil', '2025/2026'),
(88, 53, 'PRAMUKA SIAGA', 'C', NULL, 'Ganjil', '2025/2026'),
(89, 54, 'PRAMUKA SIAGA', 'B', NULL, 'Ganjil', '2025/2026'),
(90, 55, 'PRAMUKA SIAGA', 'B', NULL, 'Ganjil', '2025/2026'),
(91, 56, 'PRAMUKA SIAGA', 'B', NULL, 'Ganjil', '2025/2026'),
(92, 57, 'PRAMUKA SIAGA', 'B', NULL, 'Ganjil', '2025/2026'),
(93, 58, 'PRAMUKA SIAGA', 'C', NULL, 'Ganjil', '2025/2026'),
(94, 59, 'PRAMUKA SIAGA', 'B', NULL, 'Ganjil', '2025/2026'),
(95, 60, 'PRAMUKA SIAGA', 'B', NULL, 'Ganjil', '2025/2026'),
(96, 61, 'PRAMUKA SIAGA', 'B', NULL, 'Ganjil', '2025/2026'),
(97, 62, 'PRAMUKA SIAGA', 'B', NULL, 'Ganjil', '2025/2026'),
(98, 63, 'PRAMUKA SIAGA', 'B', NULL, 'Ganjil', '2025/2026'),
(99, 64, 'PRAMUKA SIAGA', 'B', NULL, 'Ganjil', '2025/2026'),
(100, 65, 'PRAMUKA SIAGA', 'B', NULL, 'Ganjil', '2025/2026'),
(101, 66, 'PRAMUKA SIAGA', 'B', NULL, 'Ganjil', '2025/2026'),
(102, 67, 'PRAMUKA SIAGA', 'B', NULL, 'Ganjil', '2025/2026'),
(103, 68, 'PRAMUKA SIAGA', 'B', NULL, 'Ganjil', '2025/2026'),
(104, 69, 'PRAMUKA SIAGA', 'B', NULL, 'Ganjil', '2025/2026');

-- --------------------------------------------------------

--
-- Struktur dari tabel `kehadiran`
--

CREATE TABLE `kehadiran` (
  `id` int(11) NOT NULL,
  `siswa_id` int(11) NOT NULL,
  `kelas_id` int(11) NOT NULL,
  `sakit` int(11) DEFAULT 0,
  `izin` int(11) DEFAULT 0,
  `alpa` int(11) DEFAULT 0,
  `hadir` int(11) DEFAULT 0,
  `semester` enum('Ganjil','Genap') DEFAULT NULL,
  `tahun_ajaran` varchar(20) DEFAULT NULL,
  `created_at` timestamp NULL DEFAULT current_timestamp()
) ENGINE=InnoDB DEFAULT CHARSET=utf8mb4 COLLATE=utf8mb4_unicode_ci;

--
-- Dumping data untuk tabel `kehadiran`
--

INSERT INTO `kehadiran` (`id`, `siswa_id`, `kelas_id`, `sakit`, `izin`, `alpa`, `hadir`, `semester`, `tahun_ajaran`, `created_at`) VALUES
(71, 36, 1, 1, 0, 0, 99, 'Ganjil', '2025/2026', '2026-04-17 07:54:43'),
(72, 37, 1, 2, 0, 18, 80, 'Ganjil', '2025/2026', '2026-04-17 07:54:43'),
(73, 38, 1, 1, 1, 0, 98, 'Ganjil', '2025/2026', '2026-04-17 07:54:43'),
(74, 39, 1, 5, 2, 0, 93, 'Ganjil', '2025/2026', '2026-04-17 07:54:44'),
(75, 40, 1, 3, 1, 0, 96, 'Ganjil', '2025/2026', '2026-04-17 07:54:44'),
(76, 41, 1, 0, 0, 8, 92, 'Ganjil', '2025/2026', '2026-04-17 07:54:44'),
(77, 42, 1, 0, 1, 1, 98, 'Ganjil', '2025/2026', '2026-04-17 07:54:44'),
(78, 43, 1, 8, 0, 0, 92, 'Ganjil', '2025/2026', '2026-04-17 07:54:44'),
(79, 44, 1, 8, 0, 3, 89, 'Ganjil', '2025/2026', '2026-04-17 07:54:44'),
(80, 45, 1, 5, 0, 0, 95, 'Ganjil', '2025/2026', '2026-04-17 07:54:44'),
(81, 46, 1, 7, 1, 0, 92, 'Ganjil', '2025/2026', '2026-04-17 07:54:44'),
(82, 47, 1, 3, 5, 3, 89, 'Ganjil', '2025/2026', '2026-04-17 07:54:44'),
(83, 48, 1, 0, 6, 0, 94, 'Ganjil', '2025/2026', '2026-04-17 07:54:44'),
(84, 49, 1, 2, 0, 0, 98, 'Ganjil', '2025/2026', '2026-04-17 07:54:44'),
(85, 50, 1, 4, 0, 0, 96, 'Ganjil', '2025/2026', '2026-04-17 07:54:44'),
(86, 51, 1, 0, 0, 4, 96, 'Ganjil', '2025/2026', '2026-04-17 07:54:44'),
(87, 52, 1, 2, 0, 2, 96, 'Ganjil', '2025/2026', '2026-04-17 07:54:44'),
(88, 53, 1, 8, 0, 2, 90, 'Ganjil', '2025/2026', '2026-04-17 07:54:44'),
(89, 54, 1, 1, 0, 0, 99, 'Ganjil', '2025/2026', '2026-04-17 07:54:44'),
(90, 55, 1, 6, 1, 3, 90, 'Ganjil', '2025/2026', '2026-04-17 07:54:44'),
(91, 56, 1, 1, 1, 0, 98, 'Ganjil', '2025/2026', '2026-04-17 07:54:44'),
(92, 57, 1, 4, 1, 0, 95, 'Ganjil', '2025/2026', '2026-04-17 07:54:44'),
(93, 58, 1, 2, 2, 3, 93, 'Ganjil', '2025/2026', '2026-04-17 07:54:44'),
(94, 59, 1, 0, 1, 5, 94, 'Ganjil', '2025/2026', '2026-04-17 07:54:44'),
(95, 60, 1, 0, 0, 4, 96, 'Ganjil', '2025/2026', '2026-04-17 07:54:44'),
(96, 61, 1, 9, 2, 2, 87, 'Ganjil', '2025/2026', '2026-04-17 07:54:44'),
(97, 62, 1, 2, 2, 0, 96, 'Ganjil', '2025/2026', '2026-04-17 07:54:44'),
(98, 63, 1, 1, 0, 0, 99, 'Ganjil', '2025/2026', '2026-04-17 07:54:44'),
(99, 64, 1, 10, 0, 10, 80, 'Ganjil', '2025/2026', '2026-04-17 07:54:44'),
(100, 65, 1, 3, 1, 1, 95, 'Ganjil', '2025/2026', '2026-04-17 07:58:48'),
(101, 66, 1, 10, 4, 5, 81, 'Ganjil', '2025/2026', '2026-04-17 07:58:48'),
(102, 67, 1, 0, 0, 1, 99, 'Ganjil', '2025/2026', '2026-04-17 07:58:48'),
(103, 68, 1, 2, 0, 0, 98, 'Ganjil', '2025/2026', '2026-04-17 07:58:48'),
(104, 69, 1, 5, 0, 0, 95, 'Ganjil', '2025/2026', '2026-04-17 07:58:48');

-- --------------------------------------------------------

--
-- Struktur dari tabel `kelas`
--

CREATE TABLE `kelas` (
  `id` int(11) NOT NULL,
  `nama_kelas` varchar(20) NOT NULL,
  `tahun_ajaran` varchar(20) NOT NULL,
  `semester` enum('Ganjil','Genap') NOT NULL,
  `wali_kelas` varchar(100) DEFAULT NULL,
  `jumlah_siswa` int(11) DEFAULT 0
) ENGINE=InnoDB DEFAULT CHARSET=utf8mb4 COLLATE=utf8mb4_unicode_ci;

--
-- Dumping data untuk tabel `kelas`
--

INSERT INTO `kelas` (`id`, `nama_kelas`, `tahun_ajaran`, `semester`, `wali_kelas`, `jumlah_siswa`) VALUES
(1, '4A', '2025/2026', 'Ganjil', 'CECEP ROHAEDI, S.Pd', 34),
(2, '4B', '2025/2026', 'Ganjil', '-', 0),
(3, '4C', '2025/2026', 'Ganjil', '-', 0),
(4, '4D', '2025/2026', 'Ganjil', '-', 0);

-- --------------------------------------------------------

--
-- Struktur dari tabel `mata_pelajaran`
--

CREATE TABLE `mata_pelajaran` (
  `id` int(11) NOT NULL,
  `kode_mapel` varchar(20) NOT NULL,
  `nama_mapel` varchar(100) NOT NULL,
  `nama_mapel_panjang` varchar(150) DEFAULT NULL,
  `kkm` int(11) DEFAULT 75
) ENGINE=InnoDB DEFAULT CHARSET=utf8mb4 COLLATE=utf8mb4_unicode_ci;

--
-- Dumping data untuk tabel `mata_pelajaran`
--

INSERT INTO `mata_pelajaran` (`id`, `kode_mapel`, `nama_mapel`, `nama_mapel_panjang`, `kkm`) VALUES
(1, 'PAIDBP', 'Pendidikan Agama Islam dan Budi Pekerti', 'Pendidikan Agama Islam dan Budi Pekerti', 75),
(2, 'PAKDBP', 'Pendidikan Agama Kristen dan Budi Pekerti', 'Pendidikan Pancasila dan Kewarganegaraan', 75),
(3, 'PPDK', 'Pendidikan Pancasila dan Kewarganegaraan', 'Bahasa Indonesia', 75),
(4, 'BI', 'Bahasa Indonesia', 'Matematika', 75),
(5, 'MU', 'Matematika', 'Ilmu Pengetahuan Alam dan Sosial', 75),
(6, 'IPADSI', 'Ilmu Pengetahuan Alam dan Sosial', 'Pendidikan Jasmani, Olahraga, dan Kesehatan', 75),
(7, 'PJODK', 'Pendidikan Jasmani, Olahraga, dan Kesehatan', 'Bahasa Inggris', 75),
(8, 'ING', 'Bahasa Inggris', 'Muatan Lokal Bahasa Daerah', 75),
(9, 'MLBD', 'Muatan Lokal Bahasa Daerah', 'Seni Rupa', 75),
(10, 'SR', 'Seni Rupa', 'Seni Budaya dan Prakarya', 75);

-- --------------------------------------------------------

--
-- Struktur dari tabel `nilai`
--

CREATE TABLE `nilai` (
  `id` int(11) NOT NULL,
  `siswa_id` int(11) NOT NULL,
  `mapel_id` int(11) NOT NULL,
  `kelas_id` int(11) NOT NULL,
  `nilai_angka` int(11) DEFAULT NULL,
  `predikat` varchar(5) DEFAULT NULL,
  `semester` enum('Ganjil','Genap') DEFAULT NULL,
  `tahun_ajaran` varchar(20) DEFAULT NULL,
  `created_at` timestamp NULL DEFAULT current_timestamp()
) ENGINE=InnoDB DEFAULT CHARSET=utf8mb4 COLLATE=utf8mb4_unicode_ci;

--
-- Dumping data untuk tabel `nilai`
--

INSERT INTO `nilai` (`id`, `siswa_id`, `mapel_id`, `kelas_id`, `nilai_angka`, `predikat`, `semester`, `tahun_ajaran`, `created_at`) VALUES
(647, 36, 1, 1, 87, 'B', 'Ganjil', '2025/2026', '2026-04-17 07:54:43'),
(648, 36, 3, 1, 90, 'A', 'Ganjil', '2025/2026', '2026-04-17 07:54:43'),
(649, 36, 4, 1, 90, 'A', 'Ganjil', '2025/2026', '2026-04-17 07:54:43'),
(650, 36, 5, 1, 85, 'B', 'Ganjil', '2025/2026', '2026-04-17 07:54:43'),
(651, 36, 6, 1, 90, 'A', 'Ganjil', '2025/2026', '2026-04-17 07:54:43'),
(652, 36, 7, 1, 87, 'B', 'Ganjil', '2025/2026', '2026-04-17 07:54:43'),
(653, 36, 8, 1, 85, 'B', 'Ganjil', '2025/2026', '2026-04-17 07:54:43'),
(654, 36, 9, 1, 77, 'C', 'Ganjil', '2025/2026', '2026-04-17 07:54:43'),
(655, 36, 10, 1, 80, 'B', 'Ganjil', '2025/2026', '2026-04-17 07:54:43'),
(656, 37, 1, 1, 75, 'C', 'Ganjil', '2025/2026', '2026-04-17 07:54:43'),
(657, 37, 3, 1, 77, 'C', 'Ganjil', '2025/2026', '2026-04-17 07:54:43'),
(658, 37, 4, 1, 78, 'C', 'Ganjil', '2025/2026', '2026-04-17 07:54:43'),
(659, 37, 5, 1, 75, 'C', 'Ganjil', '2025/2026', '2026-04-17 07:54:43'),
(660, 37, 6, 1, 75, 'C', 'Ganjil', '2025/2026', '2026-04-17 07:54:43'),
(661, 37, 7, 1, 80, 'B', 'Ganjil', '2025/2026', '2026-04-17 07:54:43'),
(662, 37, 8, 1, 75, 'C', 'Ganjil', '2025/2026', '2026-04-17 07:54:43'),
(663, 37, 9, 1, 75, 'C', 'Ganjil', '2025/2026', '2026-04-17 07:54:43'),
(664, 37, 10, 1, 78, 'C', 'Ganjil', '2025/2026', '2026-04-17 07:54:43'),
(665, 38, 1, 1, 85, 'B', 'Ganjil', '2025/2026', '2026-04-17 07:54:43'),
(666, 38, 3, 1, 80, 'B', 'Ganjil', '2025/2026', '2026-04-17 07:54:43'),
(667, 38, 4, 1, 80, 'B', 'Ganjil', '2025/2026', '2026-04-17 07:54:43'),
(668, 38, 5, 1, 80, 'B', 'Ganjil', '2025/2026', '2026-04-17 07:54:43'),
(669, 38, 6, 1, 82, 'B', 'Ganjil', '2025/2026', '2026-04-17 07:54:43'),
(670, 38, 7, 1, 80, 'B', 'Ganjil', '2025/2026', '2026-04-17 07:54:43'),
(671, 38, 8, 1, 88, 'B', 'Ganjil', '2025/2026', '2026-04-17 07:54:43'),
(672, 38, 9, 1, 78, 'C', 'Ganjil', '2025/2026', '2026-04-17 07:54:43'),
(673, 38, 10, 1, 80, 'B', 'Ganjil', '2025/2026', '2026-04-17 07:54:43'),
(674, 39, 1, 1, 79, 'C', 'Ganjil', '2025/2026', '2026-04-17 07:54:43'),
(675, 39, 3, 1, 80, 'B', 'Ganjil', '2025/2026', '2026-04-17 07:54:43'),
(676, 39, 4, 1, 80, 'B', 'Ganjil', '2025/2026', '2026-04-17 07:54:43'),
(677, 39, 5, 1, 80, 'B', 'Ganjil', '2025/2026', '2026-04-17 07:54:43'),
(678, 39, 6, 1, 83, 'B', 'Ganjil', '2025/2026', '2026-04-17 07:54:43'),
(679, 39, 7, 1, 87, 'B', 'Ganjil', '2025/2026', '2026-04-17 07:54:44'),
(680, 39, 8, 1, 82, 'B', 'Ganjil', '2025/2026', '2026-04-17 07:54:44'),
(681, 39, 9, 1, 77, 'C', 'Ganjil', '2025/2026', '2026-04-17 07:54:44'),
(682, 39, 10, 1, 78, 'C', 'Ganjil', '2025/2026', '2026-04-17 07:54:44'),
(683, 40, 1, 1, 77, 'C', 'Ganjil', '2025/2026', '2026-04-17 07:54:44'),
(684, 40, 3, 1, 77, 'C', 'Ganjil', '2025/2026', '2026-04-17 07:54:44'),
(685, 40, 4, 1, 77, 'C', 'Ganjil', '2025/2026', '2026-04-17 07:54:44'),
(686, 40, 5, 1, 75, 'C', 'Ganjil', '2025/2026', '2026-04-17 07:54:44'),
(687, 40, 6, 1, 77, 'C', 'Ganjil', '2025/2026', '2026-04-17 07:54:44'),
(688, 40, 7, 1, 80, 'B', 'Ganjil', '2025/2026', '2026-04-17 07:54:44'),
(689, 40, 8, 1, 76, 'C', 'Ganjil', '2025/2026', '2026-04-17 07:54:44'),
(690, 40, 9, 1, 78, 'C', 'Ganjil', '2025/2026', '2026-04-17 07:54:44'),
(691, 40, 10, 1, 78, 'C', 'Ganjil', '2025/2026', '2026-04-17 07:54:44'),
(692, 41, 1, 1, 83, 'B', 'Ganjil', '2025/2026', '2026-04-17 07:54:44'),
(693, 41, 3, 1, 88, 'B', 'Ganjil', '2025/2026', '2026-04-17 07:54:44'),
(694, 41, 4, 1, 80, 'B', 'Ganjil', '2025/2026', '2026-04-17 07:54:44'),
(695, 41, 5, 1, 80, 'B', 'Ganjil', '2025/2026', '2026-04-17 07:54:44'),
(696, 41, 6, 1, 78, 'C', 'Ganjil', '2025/2026', '2026-04-17 07:54:44'),
(697, 41, 7, 1, 82, 'B', 'Ganjil', '2025/2026', '2026-04-17 07:54:44'),
(698, 41, 8, 1, 80, 'B', 'Ganjil', '2025/2026', '2026-04-17 07:54:44'),
(699, 41, 9, 1, 77, 'C', 'Ganjil', '2025/2026', '2026-04-17 07:54:44'),
(700, 41, 10, 1, 80, 'B', 'Ganjil', '2025/2026', '2026-04-17 07:54:44'),
(701, 42, 1, 1, 88, 'B', 'Ganjil', '2025/2026', '2026-04-17 07:54:44'),
(702, 42, 3, 1, 88, 'B', 'Ganjil', '2025/2026', '2026-04-17 07:54:44'),
(703, 42, 4, 1, 90, 'A', 'Ganjil', '2025/2026', '2026-04-17 07:54:44'),
(704, 42, 5, 1, 85, 'B', 'Ganjil', '2025/2026', '2026-04-17 07:54:44'),
(705, 42, 6, 1, 90, 'A', 'Ganjil', '2025/2026', '2026-04-17 07:54:44'),
(706, 42, 7, 1, 87, 'B', 'Ganjil', '2025/2026', '2026-04-17 07:54:44'),
(707, 42, 8, 1, 80, 'B', 'Ganjil', '2025/2026', '2026-04-17 07:54:44'),
(708, 42, 9, 1, 78, 'C', 'Ganjil', '2025/2026', '2026-04-17 07:54:44'),
(709, 42, 10, 1, 80, 'B', 'Ganjil', '2025/2026', '2026-04-17 07:54:44'),
(710, 43, 1, 1, 77, 'C', 'Ganjil', '2025/2026', '2026-04-17 07:54:44'),
(711, 43, 3, 1, 78, 'C', 'Ganjil', '2025/2026', '2026-04-17 07:54:44'),
(712, 43, 4, 1, 77, 'C', 'Ganjil', '2025/2026', '2026-04-17 07:54:44'),
(713, 43, 5, 1, 75, 'C', 'Ganjil', '2025/2026', '2026-04-17 07:54:44'),
(714, 43, 6, 1, 76, 'C', 'Ganjil', '2025/2026', '2026-04-17 07:54:44'),
(715, 43, 7, 1, 80, 'B', 'Ganjil', '2025/2026', '2026-04-17 07:54:44'),
(716, 43, 8, 1, 75, 'C', 'Ganjil', '2025/2026', '2026-04-17 07:54:44'),
(717, 43, 9, 1, 75, 'C', 'Ganjil', '2025/2026', '2026-04-17 07:54:44'),
(718, 43, 10, 1, 78, 'C', 'Ganjil', '2025/2026', '2026-04-17 07:54:44'),
(719, 44, 1, 1, 75, 'C', 'Ganjil', '2025/2026', '2026-04-17 07:54:44'),
(720, 44, 3, 1, 75, 'C', 'Ganjil', '2025/2026', '2026-04-17 07:54:44'),
(721, 44, 4, 1, 75, 'C', 'Ganjil', '2025/2026', '2026-04-17 07:54:44'),
(722, 44, 5, 1, 75, 'C', 'Ganjil', '2025/2026', '2026-04-17 07:54:44'),
(723, 44, 6, 1, 75, 'C', 'Ganjil', '2025/2026', '2026-04-17 07:54:44'),
(724, 44, 7, 1, 78, 'C', 'Ganjil', '2025/2026', '2026-04-17 07:54:44'),
(725, 44, 8, 1, 75, 'C', 'Ganjil', '2025/2026', '2026-04-17 07:54:44'),
(726, 44, 9, 1, 75, 'C', 'Ganjil', '2025/2026', '2026-04-17 07:54:44'),
(727, 44, 10, 1, 78, 'C', 'Ganjil', '2025/2026', '2026-04-17 07:54:44'),
(728, 45, 1, 1, 83, 'B', 'Ganjil', '2025/2026', '2026-04-17 07:54:44'),
(729, 45, 3, 1, 86, 'B', 'Ganjil', '2025/2026', '2026-04-17 07:54:44'),
(730, 45, 4, 1, 85, 'B', 'Ganjil', '2025/2026', '2026-04-17 07:54:44'),
(731, 45, 5, 1, 80, 'B', 'Ganjil', '2025/2026', '2026-04-17 07:54:44'),
(732, 45, 6, 1, 80, 'B', 'Ganjil', '2025/2026', '2026-04-17 07:54:44'),
(733, 45, 7, 1, 85, 'B', 'Ganjil', '2025/2026', '2026-04-17 07:54:44'),
(734, 45, 8, 1, 90, 'A', 'Ganjil', '2025/2026', '2026-04-17 07:54:44'),
(735, 45, 9, 1, 77, 'C', 'Ganjil', '2025/2026', '2026-04-17 07:54:44'),
(736, 45, 10, 1, 85, 'B', 'Ganjil', '2025/2026', '2026-04-17 07:54:44'),
(737, 46, 1, 1, 86, 'B', 'Ganjil', '2025/2026', '2026-04-17 07:54:44'),
(738, 46, 3, 1, 85, 'B', 'Ganjil', '2025/2026', '2026-04-17 07:54:44'),
(739, 46, 4, 1, 85, 'B', 'Ganjil', '2025/2026', '2026-04-17 07:54:44'),
(740, 46, 5, 1, 80, 'B', 'Ganjil', '2025/2026', '2026-04-17 07:54:44'),
(741, 46, 6, 1, 80, 'B', 'Ganjil', '2025/2026', '2026-04-17 07:54:44'),
(742, 46, 7, 1, 87, 'B', 'Ganjil', '2025/2026', '2026-04-17 07:54:44'),
(743, 46, 8, 1, 86, 'B', 'Ganjil', '2025/2026', '2026-04-17 07:54:44'),
(744, 46, 9, 1, 80, 'B', 'Ganjil', '2025/2026', '2026-04-17 07:54:44'),
(745, 46, 10, 1, 85, 'B', 'Ganjil', '2025/2026', '2026-04-17 07:54:44'),
(746, 47, 1, 1, 76, 'C', 'Ganjil', '2025/2026', '2026-04-17 07:54:44'),
(747, 47, 3, 1, 85, 'B', 'Ganjil', '2025/2026', '2026-04-17 07:54:44'),
(748, 47, 4, 1, 84, 'B', 'Ganjil', '2025/2026', '2026-04-17 07:54:44'),
(749, 47, 5, 1, 80, 'B', 'Ganjil', '2025/2026', '2026-04-17 07:54:44'),
(750, 47, 6, 1, 80, 'B', 'Ganjil', '2025/2026', '2026-04-17 07:54:44'),
(751, 47, 7, 1, 83, 'B', 'Ganjil', '2025/2026', '2026-04-17 07:54:44'),
(752, 47, 8, 1, 85, 'B', 'Ganjil', '2025/2026', '2026-04-17 07:54:44'),
(753, 47, 9, 1, 77, 'C', 'Ganjil', '2025/2026', '2026-04-17 07:54:44'),
(754, 47, 10, 1, 80, 'B', 'Ganjil', '2025/2026', '2026-04-17 07:54:44'),
(755, 48, 1, 1, 78, 'C', 'Ganjil', '2025/2026', '2026-04-17 07:54:44'),
(756, 48, 3, 1, 78, 'C', 'Ganjil', '2025/2026', '2026-04-17 07:54:44'),
(757, 48, 4, 1, 77, 'C', 'Ganjil', '2025/2026', '2026-04-17 07:54:44'),
(758, 48, 5, 1, 76, 'C', 'Ganjil', '2025/2026', '2026-04-17 07:54:44'),
(759, 48, 6, 1, 78, 'C', 'Ganjil', '2025/2026', '2026-04-17 07:54:44'),
(760, 48, 7, 1, 80, 'B', 'Ganjil', '2025/2026', '2026-04-17 07:54:44'),
(761, 48, 8, 1, 77, 'C', 'Ganjil', '2025/2026', '2026-04-17 07:54:44'),
(762, 48, 9, 1, 76, 'C', 'Ganjil', '2025/2026', '2026-04-17 07:54:44'),
(763, 48, 10, 1, 78, 'C', 'Ganjil', '2025/2026', '2026-04-17 07:54:44'),
(764, 49, 1, 1, 85, 'B', 'Ganjil', '2025/2026', '2026-04-17 07:54:44'),
(765, 49, 3, 1, 90, 'A', 'Ganjil', '2025/2026', '2026-04-17 07:54:44'),
(766, 49, 4, 1, 90, 'A', 'Ganjil', '2025/2026', '2026-04-17 07:54:44'),
(767, 49, 5, 1, 88, 'B', 'Ganjil', '2025/2026', '2026-04-17 07:54:44'),
(768, 49, 6, 1, 90, 'A', 'Ganjil', '2025/2026', '2026-04-17 07:54:44'),
(769, 49, 7, 1, 87, 'B', 'Ganjil', '2025/2026', '2026-04-17 07:54:44'),
(770, 49, 8, 1, 93, 'A', 'Ganjil', '2025/2026', '2026-04-17 07:54:44'),
(771, 49, 9, 1, 80, 'B', 'Ganjil', '2025/2026', '2026-04-17 07:54:44'),
(772, 49, 10, 1, 85, 'B', 'Ganjil', '2025/2026', '2026-04-17 07:54:44'),
(773, 50, 1, 1, 80, 'B', 'Ganjil', '2025/2026', '2026-04-17 07:54:44'),
(774, 50, 3, 1, 80, 'B', 'Ganjil', '2025/2026', '2026-04-17 07:54:44'),
(775, 50, 4, 1, 85, 'B', 'Ganjil', '2025/2026', '2026-04-17 07:54:44'),
(776, 50, 5, 1, 80, 'B', 'Ganjil', '2025/2026', '2026-04-17 07:54:44'),
(777, 50, 6, 1, 80, 'B', 'Ganjil', '2025/2026', '2026-04-17 07:54:44'),
(778, 50, 7, 1, 85, 'B', 'Ganjil', '2025/2026', '2026-04-17 07:54:44'),
(779, 50, 8, 1, 89, 'B', 'Ganjil', '2025/2026', '2026-04-17 07:54:44'),
(780, 50, 9, 1, 80, 'B', 'Ganjil', '2025/2026', '2026-04-17 07:54:44'),
(781, 50, 10, 1, 85, 'B', 'Ganjil', '2025/2026', '2026-04-17 07:54:44'),
(782, 51, 1, 1, 81, 'B', 'Ganjil', '2025/2026', '2026-04-17 07:54:44'),
(783, 51, 3, 1, 78, 'C', 'Ganjil', '2025/2026', '2026-04-17 07:54:44'),
(784, 51, 4, 1, 78, 'C', 'Ganjil', '2025/2026', '2026-04-17 07:54:44'),
(785, 51, 5, 1, 75, 'C', 'Ganjil', '2025/2026', '2026-04-17 07:54:44'),
(786, 51, 6, 1, 78, 'C', 'Ganjil', '2025/2026', '2026-04-17 07:54:44'),
(787, 51, 7, 1, 80, 'B', 'Ganjil', '2025/2026', '2026-04-17 07:54:44'),
(788, 51, 8, 1, 78, 'C', 'Ganjil', '2025/2026', '2026-04-17 07:54:44'),
(789, 51, 9, 1, 75, 'C', 'Ganjil', '2025/2026', '2026-04-17 07:54:44'),
(790, 51, 10, 1, 78, 'C', 'Ganjil', '2025/2026', '2026-04-17 07:54:44'),
(791, 52, 1, 1, 82, 'B', 'Ganjil', '2025/2026', '2026-04-17 07:54:44'),
(792, 52, 3, 1, 80, 'B', 'Ganjil', '2025/2026', '2026-04-17 07:54:44'),
(793, 52, 4, 1, 80, 'B', 'Ganjil', '2025/2026', '2026-04-17 07:54:44'),
(794, 52, 5, 1, 80, 'B', 'Ganjil', '2025/2026', '2026-04-17 07:54:44'),
(795, 52, 6, 1, 79, 'C', 'Ganjil', '2025/2026', '2026-04-17 07:54:44'),
(796, 52, 7, 1, 80, 'B', 'Ganjil', '2025/2026', '2026-04-17 07:54:44'),
(797, 52, 8, 1, 80, 'B', 'Ganjil', '2025/2026', '2026-04-17 07:54:44'),
(798, 52, 9, 1, 77, 'C', 'Ganjil', '2025/2026', '2026-04-17 07:54:44'),
(799, 52, 10, 1, 80, 'B', 'Ganjil', '2025/2026', '2026-04-17 07:54:44'),
(800, 53, 1, 1, 76, 'C', 'Ganjil', '2025/2026', '2026-04-17 07:54:44'),
(801, 53, 3, 1, 78, 'C', 'Ganjil', '2025/2026', '2026-04-17 07:54:44'),
(802, 53, 4, 1, 77, 'C', 'Ganjil', '2025/2026', '2026-04-17 07:54:44'),
(803, 53, 5, 1, 78, 'C', 'Ganjil', '2025/2026', '2026-04-17 07:54:44'),
(804, 53, 6, 1, 75, 'C', 'Ganjil', '2025/2026', '2026-04-17 07:54:44'),
(805, 53, 7, 1, 80, 'B', 'Ganjil', '2025/2026', '2026-04-17 07:54:44'),
(806, 53, 8, 1, 75, 'C', 'Ganjil', '2025/2026', '2026-04-17 07:54:44'),
(807, 53, 9, 1, 75, 'C', 'Ganjil', '2025/2026', '2026-04-17 07:54:44'),
(808, 53, 10, 1, 80, 'B', 'Ganjil', '2025/2026', '2026-04-17 07:54:44'),
(809, 54, 1, 1, 85, 'B', 'Ganjil', '2025/2026', '2026-04-17 07:54:44'),
(810, 54, 3, 1, 80, 'B', 'Ganjil', '2025/2026', '2026-04-17 07:54:44'),
(811, 54, 4, 1, 80, 'B', 'Ganjil', '2025/2026', '2026-04-17 07:54:44'),
(812, 54, 5, 1, 80, 'B', 'Ganjil', '2025/2026', '2026-04-17 07:54:44'),
(813, 54, 6, 1, 85, 'B', 'Ganjil', '2025/2026', '2026-04-17 07:54:44'),
(814, 54, 7, 1, 80, 'B', 'Ganjil', '2025/2026', '2026-04-17 07:54:44'),
(815, 54, 8, 1, 80, 'B', 'Ganjil', '2025/2026', '2026-04-17 07:54:44'),
(816, 54, 9, 1, 78, 'C', 'Ganjil', '2025/2026', '2026-04-17 07:54:44'),
(817, 54, 10, 1, 82, 'B', 'Ganjil', '2025/2026', '2026-04-17 07:54:44'),
(818, 55, 1, 1, 75, 'C', 'Ganjil', '2025/2026', '2026-04-17 07:54:44'),
(819, 55, 3, 1, 77, 'C', 'Ganjil', '2025/2026', '2026-04-17 07:54:44'),
(820, 55, 4, 1, 75, 'C', 'Ganjil', '2025/2026', '2026-04-17 07:54:44'),
(821, 55, 5, 1, 75, 'C', 'Ganjil', '2025/2026', '2026-04-17 07:54:44'),
(822, 55, 6, 1, 76, 'C', 'Ganjil', '2025/2026', '2026-04-17 07:54:44'),
(823, 55, 7, 1, 80, 'B', 'Ganjil', '2025/2026', '2026-04-17 07:54:44'),
(824, 55, 8, 1, 75, 'C', 'Ganjil', '2025/2026', '2026-04-17 07:54:44'),
(825, 55, 9, 1, 75, 'C', 'Ganjil', '2025/2026', '2026-04-17 07:54:44'),
(826, 55, 10, 1, 80, 'B', 'Ganjil', '2025/2026', '2026-04-17 07:54:44'),
(827, 56, 1, 1, 87, 'B', 'Ganjil', '2025/2026', '2026-04-17 07:54:44'),
(828, 56, 3, 1, 93, 'A', 'Ganjil', '2025/2026', '2026-04-17 07:54:44'),
(829, 56, 4, 1, 90, 'A', 'Ganjil', '2025/2026', '2026-04-17 07:54:44'),
(830, 56, 5, 1, 85, 'B', 'Ganjil', '2025/2026', '2026-04-17 07:54:44'),
(831, 56, 6, 1, 92, 'A', 'Ganjil', '2025/2026', '2026-04-17 07:54:44'),
(832, 56, 7, 1, 85, 'B', 'Ganjil', '2025/2026', '2026-04-17 07:54:44'),
(833, 56, 8, 1, 90, 'A', 'Ganjil', '2025/2026', '2026-04-17 07:54:44'),
(834, 56, 9, 1, 85, 'B', 'Ganjil', '2025/2026', '2026-04-17 07:54:44'),
(835, 56, 10, 1, 85, 'B', 'Ganjil', '2025/2026', '2026-04-17 07:54:44'),
(836, 57, 1, 1, 85, 'B', 'Ganjil', '2025/2026', '2026-04-17 07:54:44'),
(837, 57, 3, 1, 80, 'B', 'Ganjil', '2025/2026', '2026-04-17 07:54:44'),
(838, 57, 4, 1, 80, 'B', 'Ganjil', '2025/2026', '2026-04-17 07:54:44'),
(839, 57, 5, 1, 80, 'B', 'Ganjil', '2025/2026', '2026-04-17 07:54:44'),
(840, 57, 6, 1, 85, 'B', 'Ganjil', '2025/2026', '2026-04-17 07:54:44'),
(841, 57, 7, 1, 80, 'B', 'Ganjil', '2025/2026', '2026-04-17 07:54:44'),
(842, 57, 8, 1, 85, 'B', 'Ganjil', '2025/2026', '2026-04-17 07:54:44'),
(843, 57, 9, 1, 78, 'C', 'Ganjil', '2025/2026', '2026-04-17 07:54:44'),
(844, 57, 10, 1, 80, 'B', 'Ganjil', '2025/2026', '2026-04-17 07:54:44'),
(845, 58, 1, 1, 75, 'C', 'Ganjil', '2025/2026', '2026-04-17 07:54:44'),
(846, 58, 3, 1, 75, 'C', 'Ganjil', '2025/2026', '2026-04-17 07:54:44'),
(847, 58, 4, 1, 75, 'C', 'Ganjil', '2025/2026', '2026-04-17 07:54:44'),
(848, 58, 5, 1, 75, 'C', 'Ganjil', '2025/2026', '2026-04-17 07:54:44'),
(849, 58, 6, 1, 75, 'C', 'Ganjil', '2025/2026', '2026-04-17 07:54:44'),
(850, 58, 7, 1, 78, 'C', 'Ganjil', '2025/2026', '2026-04-17 07:54:44'),
(851, 58, 8, 1, 75, 'C', 'Ganjil', '2025/2026', '2026-04-17 07:54:44'),
(852, 58, 9, 1, 75, 'C', 'Ganjil', '2025/2026', '2026-04-17 07:54:44'),
(853, 58, 10, 1, 76, 'C', 'Ganjil', '2025/2026', '2026-04-17 07:54:44'),
(854, 59, 1, 1, 82, 'B', 'Ganjil', '2025/2026', '2026-04-17 07:54:44'),
(855, 59, 3, 1, 80, 'B', 'Ganjil', '2025/2026', '2026-04-17 07:54:44'),
(856, 59, 4, 1, 80, 'B', 'Ganjil', '2025/2026', '2026-04-17 07:54:44'),
(857, 59, 5, 1, 79, 'C', 'Ganjil', '2025/2026', '2026-04-17 07:54:44'),
(858, 59, 6, 1, 80, 'B', 'Ganjil', '2025/2026', '2026-04-17 07:54:44'),
(859, 59, 7, 1, 80, 'B', 'Ganjil', '2025/2026', '2026-04-17 07:54:44'),
(860, 59, 8, 1, 80, 'B', 'Ganjil', '2025/2026', '2026-04-17 07:54:44'),
(861, 59, 9, 1, 78, 'C', 'Ganjil', '2025/2026', '2026-04-17 07:54:44'),
(862, 59, 10, 1, 80, 'B', 'Ganjil', '2025/2026', '2026-04-17 07:54:44'),
(863, 60, 1, 1, 83, 'B', 'Ganjil', '2025/2026', '2026-04-17 07:54:44'),
(864, 60, 3, 1, 93, 'A', 'Ganjil', '2025/2026', '2026-04-17 07:54:44'),
(865, 60, 4, 1, 90, 'A', 'Ganjil', '2025/2026', '2026-04-17 07:54:44'),
(866, 60, 5, 1, 85, 'B', 'Ganjil', '2025/2026', '2026-04-17 07:54:44'),
(867, 60, 6, 1, 93, 'A', 'Ganjil', '2025/2026', '2026-04-17 07:54:44'),
(868, 60, 7, 1, 87, 'B', 'Ganjil', '2025/2026', '2026-04-17 07:54:44'),
(869, 60, 8, 1, 90, 'A', 'Ganjil', '2025/2026', '2026-04-17 07:54:44'),
(870, 60, 9, 1, 80, 'B', 'Ganjil', '2025/2026', '2026-04-17 07:54:44'),
(871, 60, 10, 1, 80, 'B', 'Ganjil', '2025/2026', '2026-04-17 07:54:44'),
(872, 61, 1, 1, 85, 'B', 'Ganjil', '2025/2026', '2026-04-17 07:54:44'),
(873, 61, 3, 1, 80, 'B', 'Ganjil', '2025/2026', '2026-04-17 07:54:44'),
(874, 61, 4, 1, 80, 'B', 'Ganjil', '2025/2026', '2026-04-17 07:54:44'),
(875, 61, 5, 1, 78, 'C', 'Ganjil', '2025/2026', '2026-04-17 07:54:44'),
(876, 61, 6, 1, 82, 'B', 'Ganjil', '2025/2026', '2026-04-17 07:54:44'),
(877, 61, 7, 1, 80, 'B', 'Ganjil', '2025/2026', '2026-04-17 07:54:44'),
(878, 61, 8, 1, 78, 'C', 'Ganjil', '2025/2026', '2026-04-17 07:54:44'),
(879, 61, 9, 1, 77, 'C', 'Ganjil', '2025/2026', '2026-04-17 07:54:44'),
(880, 61, 10, 1, 80, 'B', 'Ganjil', '2025/2026', '2026-04-17 07:54:44'),
(881, 62, 1, 1, 79, 'C', 'Ganjil', '2025/2026', '2026-04-17 07:54:44'),
(882, 62, 3, 1, 78, 'C', 'Ganjil', '2025/2026', '2026-04-17 07:54:44'),
(883, 62, 4, 1, 80, 'B', 'Ganjil', '2025/2026', '2026-04-17 07:54:44'),
(884, 62, 5, 1, 77, 'C', 'Ganjil', '2025/2026', '2026-04-17 07:54:44'),
(885, 62, 6, 1, 80, 'B', 'Ganjil', '2025/2026', '2026-04-17 07:54:44'),
(886, 62, 7, 1, 80, 'B', 'Ganjil', '2025/2026', '2026-04-17 07:54:44'),
(887, 62, 8, 1, 78, 'C', 'Ganjil', '2025/2026', '2026-04-17 07:54:44'),
(888, 62, 9, 1, 78, 'C', 'Ganjil', '2025/2026', '2026-04-17 07:54:44'),
(889, 62, 10, 1, 80, 'B', 'Ganjil', '2025/2026', '2026-04-17 07:54:44'),
(890, 63, 1, 1, 82, 'B', 'Ganjil', '2025/2026', '2026-04-17 07:54:44'),
(891, 63, 3, 1, 80, 'B', 'Ganjil', '2025/2026', '2026-04-17 07:54:44'),
(892, 63, 4, 1, 77, 'C', 'Ganjil', '2025/2026', '2026-04-17 07:54:44'),
(893, 63, 5, 1, 78, 'C', 'Ganjil', '2025/2026', '2026-04-17 07:54:44'),
(894, 63, 6, 1, 78, 'C', 'Ganjil', '2025/2026', '2026-04-17 07:54:44'),
(895, 63, 7, 1, 80, 'B', 'Ganjil', '2025/2026', '2026-04-17 07:54:44'),
(896, 63, 8, 1, 80, 'B', 'Ganjil', '2025/2026', '2026-04-17 07:54:44'),
(897, 63, 9, 1, 78, 'C', 'Ganjil', '2025/2026', '2026-04-17 07:54:44'),
(898, 63, 10, 1, 80, 'B', 'Ganjil', '2025/2026', '2026-04-17 07:54:44'),
(899, 64, 1, 1, 80, 'B', 'Ganjil', '2025/2026', '2026-04-17 07:54:44'),
(900, 64, 3, 1, 78, 'C', 'Ganjil', '2025/2026', '2026-04-17 07:54:44'),
(901, 64, 4, 1, 78, 'C', 'Ganjil', '2025/2026', '2026-04-17 07:54:44'),
(902, 64, 5, 1, 75, 'C', 'Ganjil', '2025/2026', '2026-04-17 07:54:44'),
(903, 64, 6, 1, 78, 'C', 'Ganjil', '2025/2026', '2026-04-17 07:54:44'),
(904, 64, 7, 1, 80, 'B', 'Ganjil', '2025/2026', '2026-04-17 07:54:44'),
(905, 64, 8, 1, 78, 'C', 'Ganjil', '2025/2026', '2026-04-17 07:54:44'),
(906, 64, 9, 1, 77, 'C', 'Ganjil', '2025/2026', '2026-04-17 07:54:44'),
(907, 64, 10, 1, 78, 'C', 'Ganjil', '2025/2026', '2026-04-17 07:54:44'),
(908, 65, 1, 1, 83, 'B', 'Ganjil', '2025/2026', '2026-04-17 07:58:48'),
(909, 65, 3, 1, 80, 'B', 'Ganjil', '2025/2026', '2026-04-17 07:58:48'),
(910, 65, 4, 1, 80, 'B', 'Ganjil', '2025/2026', '2026-04-17 07:58:48'),
(911, 65, 5, 1, 78, 'C', 'Ganjil', '2025/2026', '2026-04-17 07:58:48'),
(912, 65, 6, 1, 78, 'C', 'Ganjil', '2025/2026', '2026-04-17 07:58:48'),
(913, 65, 7, 1, 80, 'B', 'Ganjil', '2025/2026', '2026-04-17 07:58:48'),
(914, 65, 8, 1, 79, 'C', 'Ganjil', '2025/2026', '2026-04-17 07:58:48'),
(915, 65, 9, 1, 78, 'C', 'Ganjil', '2025/2026', '2026-04-17 07:58:48'),
(916, 65, 10, 1, 80, 'B', 'Ganjil', '2025/2026', '2026-04-17 07:58:48'),
(917, 66, 1, 1, 81, 'B', 'Ganjil', '2025/2026', '2026-04-17 07:58:48'),
(918, 66, 3, 1, 78, 'C', 'Ganjil', '2025/2026', '2026-04-17 07:58:48'),
(919, 66, 4, 1, 77, 'C', 'Ganjil', '2025/2026', '2026-04-17 07:58:48'),
(920, 66, 5, 1, 77, 'C', 'Ganjil', '2025/2026', '2026-04-17 07:58:48'),
(921, 66, 6, 1, 79, 'C', 'Ganjil', '2025/2026', '2026-04-17 07:58:48'),
(922, 66, 7, 1, 82, 'B', 'Ganjil', '2025/2026', '2026-04-17 07:58:48'),
(923, 66, 8, 1, 77, 'C', 'Ganjil', '2025/2026', '2026-04-17 07:58:48'),
(924, 66, 9, 1, 78, 'C', 'Ganjil', '2025/2026', '2026-04-17 07:58:48'),
(925, 66, 10, 1, 80, 'B', 'Ganjil', '2025/2026', '2026-04-17 07:58:48'),
(926, 67, 1, 1, 81, 'B', 'Ganjil', '2025/2026', '2026-04-17 07:58:48'),
(927, 67, 3, 1, 82, 'B', 'Ganjil', '2025/2026', '2026-04-17 07:58:48'),
(928, 67, 4, 1, 85, 'B', 'Ganjil', '2025/2026', '2026-04-17 07:58:48'),
(929, 67, 5, 1, 80, 'B', 'Ganjil', '2025/2026', '2026-04-17 07:58:48'),
(930, 67, 6, 1, 83, 'B', 'Ganjil', '2025/2026', '2026-04-17 07:58:48'),
(931, 67, 7, 1, 82, 'B', 'Ganjil', '2025/2026', '2026-04-17 07:58:48'),
(932, 67, 8, 1, 78, 'C', 'Ganjil', '2025/2026', '2026-04-17 07:58:48'),
(933, 67, 9, 1, 79, 'C', 'Ganjil', '2025/2026', '2026-04-17 07:58:48'),
(934, 67, 10, 1, 80, 'B', 'Ganjil', '2025/2026', '2026-04-17 07:58:48'),
(935, 68, 1, 1, 85, 'B', 'Ganjil', '2025/2026', '2026-04-17 07:58:48'),
(936, 68, 3, 1, 90, 'A', 'Ganjil', '2025/2026', '2026-04-17 07:58:48'),
(937, 68, 4, 1, 85, 'B', 'Ganjil', '2025/2026', '2026-04-17 07:58:48'),
(938, 68, 5, 1, 80, 'B', 'Ganjil', '2025/2026', '2026-04-17 07:58:48'),
(939, 68, 6, 1, 82, 'B', 'Ganjil', '2025/2026', '2026-04-17 07:58:48'),
(940, 68, 7, 1, 82, 'B', 'Ganjil', '2025/2026', '2026-04-17 07:58:48'),
(941, 68, 8, 1, 87, 'B', 'Ganjil', '2025/2026', '2026-04-17 07:58:48'),
(942, 68, 9, 1, 79, 'C', 'Ganjil', '2025/2026', '2026-04-17 07:58:48'),
(943, 68, 10, 1, 80, 'B', 'Ganjil', '2025/2026', '2026-04-17 07:58:48'),
(944, 69, 1, 1, 78, 'C', 'Ganjil', '2025/2026', '2026-04-17 07:58:48'),
(945, 69, 3, 1, 78, 'C', 'Ganjil', '2025/2026', '2026-04-17 07:58:48'),
(946, 69, 4, 1, 77, 'C', 'Ganjil', '2025/2026', '2026-04-17 07:58:48'),
(947, 69, 5, 1, 76, 'C', 'Ganjil', '2025/2026', '2026-04-17 07:58:48'),
(948, 69, 6, 1, 77, 'C', 'Ganjil', '2025/2026', '2026-04-17 07:58:48'),
(949, 69, 7, 1, 80, 'B', 'Ganjil', '2025/2026', '2026-04-17 07:58:48'),
(950, 69, 8, 1, 77, 'C', 'Ganjil', '2025/2026', '2026-04-17 07:58:48'),
(951, 69, 9, 1, 78, 'C', 'Ganjil', '2025/2026', '2026-04-17 07:58:48'),
(952, 69, 10, 1, 78, 'C', 'Ganjil', '2025/2026', '2026-04-17 07:58:48');

-- --------------------------------------------------------

--
-- Struktur dari tabel `siswa`
--

CREATE TABLE `siswa` (
  `id` int(11) NOT NULL,
  `nisn` varchar(20) NOT NULL,
  `nis` varchar(20) NOT NULL,
  `nama_siswa` varchar(100) NOT NULL,
  `kelas_id` int(11) DEFAULT NULL,
  `jenis_kelamin` enum('L','P') DEFAULT NULL,
  `created_at` timestamp NULL DEFAULT current_timestamp()
) ENGINE=InnoDB DEFAULT CHARSET=utf8mb4 COLLATE=utf8mb4_unicode_ci;

--
-- Dumping data untuk tabel `siswa`
--

INSERT INTO `siswa` (`id`, `nisn`, `nis`, `nama_siswa`, `kelas_id`, `jenis_kelamin`, `created_at`) VALUES
(36, '3166992248', '232401036', 'AHMAD AYUBI TSURAYA', 1, 'L', '2026-04-17 07:54:43'),
(37, '3161811435', '232401037', 'ALVIN APRILIO', 1, 'L', '2026-04-17 07:54:43'),
(38, '3168944255', '232401039', 'ARKAN SABIL ALBANNA', 1, 'L', '2026-04-17 07:54:43'),
(39, '3166052277', '232401040', 'ARSENIO LIONEL WICAKSONO', 1, 'L', '2026-04-17 07:54:43'),
(40, '3154337228', '232401041', 'ARZACHEL MACIO HARAGI', 1, 'L', '2026-04-17 07:54:44'),
(41, '3162545702', '232401042', 'AZZILA SALSABILA', 1, 'L', '2026-04-17 07:54:44'),
(42, '3164646251', '232401043', 'ERVITO AXEL RIANSYAH', 1, 'L', '2026-04-17 07:54:44'),
(43, '3168032154', '232401044', 'FANIA RACHMADIANA', 1, 'L', '2026-04-17 07:54:44'),
(44, '3165768575', '232401045', 'FAREL PUTRA PRATAMA', 1, 'L', '2026-04-17 07:54:44'),
(45, '3157434085', '232401046', 'FEEZA GAORI SALSABILA', 1, 'L', '2026-04-17 07:54:44'),
(46, '3167675126', '232401047', 'HANIYA HANSY SYAKIRA', 1, 'L', '2026-04-17 07:54:44'),
(47, '3165334814', '232401048', 'HARUN AL RASYID', 1, 'L', '2026-04-17 07:54:44'),
(48, '3167532838', '232401049', 'HAULA RAHMA', 1, 'L', '2026-04-17 07:54:44'),
(49, '3168334109', '232401050', 'JASMINE ADREENA PUTRI GUNTUR', 1, 'L', '2026-04-17 07:54:44'),
(50, '3175931071', '252603092', 'Kanaya Aulia Khairunnisa', 1, 'L', '2026-04-17 07:54:44'),
(51, '3163997714', '232401051', 'KAYSHA YUDIRA SEDAYU', 1, 'L', '2026-04-17 07:54:44'),
(52, '3179461959', '232401052', 'KEISYA REVALINA NYMAN', 1, 'L', '2026-04-17 07:54:44'),
(53, '3161454846', '232401053', 'M. AIMAR AHZAN', 1, 'L', '2026-04-17 07:54:44'),
(54, '3168345807', '232401054', 'MAULANA SAPUTRA WIJAYA', 1, 'L', '2026-04-17 07:54:44'),
(55, '3161812183', '232401055', 'MICHELLE ADYA CALISTA', 1, 'L', '2026-04-17 07:54:44'),
(56, '3163076512', '232401139', 'MUHAMAD TAUFIK ARDABILI', 1, 'L', '2026-04-17 07:54:44'),
(57, '3168181525', '232401057', 'MUHAMMAD AL MUSTOPA', 1, 'L', '2026-04-17 07:54:44'),
(58, '3162253794', '232401058', 'MUHAMMAD AZAM', 1, 'L', '2026-04-17 07:54:44'),
(59, '3165052330', '232401059', 'MUHAMMAD FADIL HIDAYATULLOH', 1, 'L', '2026-04-17 07:54:44'),
(60, '3160343277', '232401060', 'MUHAMMAD FARREL AL FARIDZY', 1, 'L', '2026-04-17 07:54:44'),
(61, '3160082065', '232401056', 'MUHAMMAD FEBRIANSYAH', 1, 'L', '2026-04-17 07:54:44'),
(62, '3168092791', '232401061', 'MUHAMMAD HASBY IZZA', 1, 'L', '2026-04-17 07:54:44'),
(63, '3161858122', '232401062', 'MUHAMMAD KENDI APRIANSYAH', 1, 'L', '2026-04-17 07:54:44'),
(64, '3157388749', '232401063', 'MUHAMMAD SYAHRHOZI', 1, 'L', '2026-04-17 07:54:44'),
(65, '3165714325', '232401064', 'NUR SYA\'BANI AHMAD', 1, 'L', '2026-04-17 07:58:48'),
(66, '3161786812', '232401065', 'RANGGA FEBRIANSYAH', 1, 'L', '2026-04-17 07:58:48'),
(67, '3168245302', '232401066', 'SILKI ALMAHIRA', 1, 'L', '2026-04-17 07:58:48'),
(68, '3164861082', '232401067', 'ULINNUHA PUTRI ALPAUJIAH', 1, 'L', '2026-04-17 07:58:48'),
(69, '3179111870', '232401068', 'VICO TATSUYA', 1, 'L', '2026-04-17 07:58:48');

-- --------------------------------------------------------

--
-- Struktur dari tabel `users`
--

CREATE TABLE `users` (
  `id` int(11) NOT NULL,
  `username` varchar(50) NOT NULL,
  `password` varchar(255) NOT NULL,
  `nama_lengkap` varchar(100) DEFAULT NULL,
  `level` enum('admin','guru','wali_kelas') DEFAULT 'guru',
  `created_at` timestamp NULL DEFAULT current_timestamp()
) ENGINE=InnoDB DEFAULT CHARSET=utf8mb4 COLLATE=utf8mb4_unicode_ci;

--
-- Dumping data untuk tabel `users`
--

INSERT INTO `users` (`id`, `username`, `password`, `nama_lengkap`, `level`, `created_at`) VALUES
(1, 'admin', '$2y$10$92IXUNpkjO0rOQ5byMi.Ye4oKoEa3Ro9llC/.og/at2.uheWG/igi', 'Administrator', 'admin', '2026-04-16 11:04:45'),
(2, 'guru4a', '$2y$10$92IXUNpkjO0rOQ5byMi.Ye4oKoEa3Ro9llC/.og/at2.uheWG/igi', 'Guru Kelas 4A', 'wali_kelas', '2026-04-16 11:04:45');

--
-- Indexes for dumped tables
--

--
-- Indeks untuk tabel `ekstrakurikuler`
--
ALTER TABLE `ekstrakurikuler`
  ADD PRIMARY KEY (`id`),
  ADD KEY `siswa_id` (`siswa_id`);

--
-- Indeks untuk tabel `kehadiran`
--
ALTER TABLE `kehadiran`
  ADD PRIMARY KEY (`id`),
  ADD KEY `siswa_id` (`siswa_id`),
  ADD KEY `kelas_id` (`kelas_id`);

--
-- Indeks untuk tabel `kelas`
--
ALTER TABLE `kelas`
  ADD PRIMARY KEY (`id`);

--
-- Indeks untuk tabel `mata_pelajaran`
--
ALTER TABLE `mata_pelajaran`
  ADD PRIMARY KEY (`id`);

--
-- Indeks untuk tabel `nilai`
--
ALTER TABLE `nilai`
  ADD PRIMARY KEY (`id`),
  ADD KEY `siswa_id` (`siswa_id`),
  ADD KEY `mapel_id` (`mapel_id`),
  ADD KEY `kelas_id` (`kelas_id`);

--
-- Indeks untuk tabel `siswa`
--
ALTER TABLE `siswa`
  ADD PRIMARY KEY (`id`),
  ADD KEY `kelas_id` (`kelas_id`);

--
-- Indeks untuk tabel `users`
--
ALTER TABLE `users`
  ADD PRIMARY KEY (`id`);

--
-- AUTO_INCREMENT untuk tabel yang dibuang
--

--
-- AUTO_INCREMENT untuk tabel `ekstrakurikuler`
--
ALTER TABLE `ekstrakurikuler`
  MODIFY `id` int(11) NOT NULL AUTO_INCREMENT, AUTO_INCREMENT=105;

--
-- AUTO_INCREMENT untuk tabel `kehadiran`
--
ALTER TABLE `kehadiran`
  MODIFY `id` int(11) NOT NULL AUTO_INCREMENT, AUTO_INCREMENT=105;

--
-- AUTO_INCREMENT untuk tabel `kelas`
--
ALTER TABLE `kelas`
  MODIFY `id` int(11) NOT NULL AUTO_INCREMENT, AUTO_INCREMENT=5;

--
-- AUTO_INCREMENT untuk tabel `mata_pelajaran`
--
ALTER TABLE `mata_pelajaran`
  MODIFY `id` int(11) NOT NULL AUTO_INCREMENT, AUTO_INCREMENT=11;

--
-- AUTO_INCREMENT untuk tabel `nilai`
--
ALTER TABLE `nilai`
  MODIFY `id` int(11) NOT NULL AUTO_INCREMENT, AUTO_INCREMENT=953;

--
-- AUTO_INCREMENT untuk tabel `siswa`
--
ALTER TABLE `siswa`
  MODIFY `id` int(11) NOT NULL AUTO_INCREMENT, AUTO_INCREMENT=70;

--
-- AUTO_INCREMENT untuk tabel `users`
--
ALTER TABLE `users`
  MODIFY `id` int(11) NOT NULL AUTO_INCREMENT, AUTO_INCREMENT=3;

--
-- Ketidakleluasaan untuk tabel pelimpahan (Dumped Tables)
--

--
-- Ketidakleluasaan untuk tabel `ekstrakurikuler`
--
ALTER TABLE `ekstrakurikuler`
  ADD CONSTRAINT `1` FOREIGN KEY (`siswa_id`) REFERENCES `siswa` (`id`) ON DELETE CASCADE;

--
-- Ketidakleluasaan untuk tabel `kehadiran`
--
ALTER TABLE `kehadiran`
  ADD CONSTRAINT `1` FOREIGN KEY (`siswa_id`) REFERENCES `siswa` (`id`) ON DELETE CASCADE,
  ADD CONSTRAINT `2` FOREIGN KEY (`kelas_id`) REFERENCES `kelas` (`id`) ON DELETE CASCADE;

--
-- Ketidakleluasaan untuk tabel `nilai`
--
ALTER TABLE `nilai`
  ADD CONSTRAINT `1` FOREIGN KEY (`siswa_id`) REFERENCES `siswa` (`id`) ON DELETE CASCADE,
  ADD CONSTRAINT `2` FOREIGN KEY (`mapel_id`) REFERENCES `mata_pelajaran` (`id`) ON DELETE CASCADE,
  ADD CONSTRAINT `3` FOREIGN KEY (`kelas_id`) REFERENCES `kelas` (`id`) ON DELETE CASCADE;

--
-- Ketidakleluasaan untuk tabel `siswa`
--
ALTER TABLE `siswa`
  ADD CONSTRAINT `1` FOREIGN KEY (`kelas_id`) REFERENCES `kelas` (`id`) ON DELETE CASCADE;
COMMIT;

/*!40101 SET CHARACTER_SET_CLIENT=@OLD_CHARACTER_SET_CLIENT */;
/*!40101 SET CHARACTER_SET_RESULTS=@OLD_CHARACTER_SET_RESULTS */;
/*!40101 SET COLLATION_CONNECTION=@OLD_COLLATION_CONNECTION */;
